"","Nest","FoodTreatment","SexParent","ArrivalTime","SiblingNegotiation","BroodSize","NegPerChick","logBroodSize"
"1","AutavauxTV","Deprived","Male",22.25,4,5,0.8,1.6094379124341
"2","AutavauxTV","Satiated","Male",22.38,0,5,0,1.6094379124341
"3","AutavauxTV","Deprived","Male",22.53,2,5,0.4,1.6094379124341
"4","AutavauxTV","Deprived","Male",22.56,2,5,0.4,1.6094379124341
"5","AutavauxTV","Deprived","Male",22.61,2,5,0.4,1.6094379124341
"6","AutavauxTV","Deprived","Male",22.65,2,5,0.4,1.6094379124341
"7","AutavauxTV","Deprived","Male",22.76,18,5,3.6,1.6094379124341
"8","AutavauxTV","Satiated","Female",22.9,4,5,0.8,1.6094379124341
"9","AutavauxTV","Deprived","Male",22.98,18,5,3.6,1.6094379124341
"10","AutavauxTV","Satiated","Female",23.07,0,5,0,1.6094379124341
"11","AutavauxTV","Satiated","Female",23.18,0,5,0,1.6094379124341
"12","AutavauxTV","Deprived","Female",23.28,3,5,0.6,1.6094379124341
"13","AutavauxTV","Satiated","Male",23.38,0,5,0,1.6094379124341
"14","AutavauxTV","Deprived","Male",23.43,3,5,0.6,1.6094379124341
"15","AutavauxTV","Deprived","Female",23.45,3,5,0.6,1.6094379124341
"16","AutavauxTV","Deprived","Male",23.68,6,5,1.2,1.6094379124341
"17","AutavauxTV","Deprived","Female",24,0,5,0,1.6094379124341
"18","AutavauxTV","Satiated","Male",24.21,4,5,0.8,1.6094379124341
"19","AutavauxTV","Deprived","Male",24.25,0,5,0,1.6094379124341
"20","AutavauxTV","Deprived","Male",24.58,7,5,1.4,1.6094379124341
"21","AutavauxTV","Deprived","Male",24.65,7,5,1.4,1.6094379124341
"22","AutavauxTV","Satiated","Male",24.95,0,5,0,1.6094379124341
"23","AutavauxTV","Satiated","Female",25.25,16,5,3.2,1.6094379124341
"24","AutavauxTV","Satiated","Male",25.75,7,5,1.4,1.6094379124341
"25","AutavauxTV","Deprived","Male",27.71,0,5,0,1.6094379124341
"26","AutavauxTV","Deprived","Female",27.85,7,5,1.4,1.6094379124341
"27","AutavauxTV","Deprived","Female",28.02,16,5,3.2,1.6094379124341
"28","AutavauxTV","Deprived","Male",28.82,5,5,1,1.6094379124341
"29","Bochet","Satiated","Female",22.81,3,4,0.75,1.38629436111989
"30","Bochet","Satiated","Male",23.2,2,4,0.5,1.38629436111989
"31","Bochet","Deprived","Male",23.22,13,4,3.25,1.38629436111989
"32","Bochet","Deprived","Female",23.23,13,4,3.25,1.38629436111989
"33","Bochet","Deprived","Male",23.33,22,4,5.5,1.38629436111989
"34","Bochet","Satiated","Male",23.36,2,4,0.5,1.38629436111989
"35","Bochet","Satiated","Female",23.4,2,4,0.5,1.38629436111989
"36","Bochet","Satiated","Male",23.45,2,4,0.5,1.38629436111989
"37","Bochet","Deprived","Male",23.46,22,4,5.5,1.38629436111989
"38","Bochet","Deprived","Female",23.5,12,4,3,1.38629436111989
"39","Bochet","Satiated","Female",23.51,0,4,0,1.38629436111989
"40","Bochet","Deprived","Female",23.53,12,4,3,1.38629436111989
"41","Bochet","Deprived","Male",23.78,12,4,3,1.38629436111989
"42","Bochet","Satiated","Male",23.88,0,4,0,1.38629436111989
"43","Bochet","Satiated","Female",23.95,0,4,0,1.38629436111989
"44","Bochet","Satiated","Female",24.35,0,4,0,1.38629436111989
"45","Bochet","Satiated","Female",24.45,0,4,0,1.38629436111989
"46","Bochet","Deprived","Male",26.3,0,4,0,1.38629436111989
"47","Bochet","Deprived","Male",26.43,0,4,0,1.38629436111989
"48","Bochet","Satiated","Male",27.1,0,4,0,1.38629436111989
"49","Bochet","Satiated","Male",27.33,0,4,0,1.38629436111989
"50","Bochet","Deprived","Male",27.55,0,4,0,1.38629436111989
"51","Bochet","Satiated","Male",27.98,0,4,0,1.38629436111989
"52","Champmartin","Deprived","Female",22.08,3,3,1,1.09861228866811
"53","Champmartin","Deprived","Female",22.36,0,3,0,1.09861228866811
"54","Champmartin","Satiated","Female",22.46,0,3,0,1.09861228866811
"55","Champmartin","Deprived","Female",22.62,10,3,3.33333333,1.09861228866811
"56","Champmartin","Deprived","Female",22.83,18,3,6,1.09861228866811
"57","Champmartin","Deprived","Female",22.98,18,3,6,1.09861228866811
"58","Champmartin","Deprived","Female",23.1,0,3,0,1.09861228866811
"59","Champmartin","Deprived","Female",23.15,0,3,0,1.09861228866811
"60","Champmartin","Deprived","Female",23.56,2,3,0.66666667,1.09861228866811
"61","Champmartin","Deprived","Female",23.73,2,3,0.66666667,1.09861228866811
"62","Champmartin","Deprived","Female",23.95,4,3,1.33333333,1.09861228866811
"63","Champmartin","Satiated","Female",24.1,0,3,0,1.09861228866811
"64","Champmartin","Satiated","Female",24.21,0,3,0,1.09861228866811
"65","Champmartin","Deprived","Female",24.53,3,3,1,1.09861228866811
"66","Champmartin","Deprived","Female",24.78,7,3,2.33333333,1.09861228866811
"67","Champmartin","Deprived","Female",24.93,7,3,2.33333333,1.09861228866811
"68","Champmartin","Deprived","Female",25.03,13,3,4.33333333,1.09861228866811
"69","Champmartin","Deprived","Female",25.28,16,3,5.33333333,1.09861228866811
"70","Champmartin","Deprived","Female",25.63,14,3,4.66666667,1.09861228866811
"71","Champmartin","Satiated","Female",25.71,0,3,0,1.09861228866811
"72","Champmartin","Deprived","Female",25.82,0,3,0,1.09861228866811
"73","Champmartin","Deprived","Female",26.6,0,3,0,1.09861228866811
"74","Champmartin","Satiated","Female",27.28,0,3,0,1.09861228866811
"75","Champmartin","Satiated","Female",27.4,0,3,0,1.09861228866811
"76","Champmartin","Satiated","Female",27.5,0,3,0,1.09861228866811
"77","Champmartin","Deprived","Female",27.66,0,3,0,1.09861228866811
"78","Champmartin","Satiated","Female",27.66,0,3,0,1.09861228866811
"79","Champmartin","Satiated","Female",27.91,0,3,0,1.09861228866811
"80","Champmartin","Deprived","Female",28.58,1,3,0.33333333,1.09861228866811
"81","Champmartin","Deprived","Female",29.23,3,3,1,1.09861228866811
"82","ChEsard","Deprived","Male",22.36,23,4,5.75,1.38629436111989
"83","ChEsard","Deprived","Male",22.55,19,4,4.75,1.38629436111989
"84","ChEsard","Deprived","Male",22.66,19,4,4.75,1.38629436111989
"85","ChEsard","Deprived","Male",23.13,14,4,3.5,1.38629436111989
"86","ChEsard","Deprived","Female",23.26,18,4,4.5,1.38629436111989
"87","ChEsard","Deprived","Male",23.33,18,4,4.5,1.38629436111989
"88","ChEsard","Deprived","Male",23.58,14,4,3.5,1.38629436111989
"89","ChEsard","Deprived","Male",23.68,14,4,3.5,1.38629436111989
"90","ChEsard","Deprived","Male",23.82,6,4,1.5,1.38629436111989
"91","ChEsard","Deprived","Male",23.93,6,4,1.5,1.38629436111989
"92","ChEsard","Deprived","Male",24.63,12,4,3,1.38629436111989
"93","ChEsard","Deprived","Female",24.66,12,4,3,1.38629436111989
"94","ChEsard","Deprived","Male",24.88,12,4,3,1.38629436111989
"95","ChEsard","Satiated","Female",25.38,19,4,4.75,1.38629436111989
"96","ChEsard","Deprived","Male",25.5,0,4,0,1.38629436111989
"97","ChEsard","Deprived","Male",25.95,17,4,4.25,1.38629436111989
"98","ChEsard","Deprived","Male",26.65,3,4,0.75,1.38629436111989
"99","ChEsard","Deprived","Male",26.85,11,4,2.75,1.38629436111989
"100","ChEsard","Deprived","Male",27.06,2,4,0.5,1.38629436111989
"101","ChEsard","Satiated","Male",27.66,6,4,1.5,1.38629436111989
"102","Chevroux","Satiated","Male",22.35,0,2,0,0.693147180559945
"103","Chevroux","Satiated","Male",23.2,0,2,0,0.693147180559945
"104","Chevroux","Satiated","Female",23.88,0,2,0,0.693147180559945
"105","Chevroux","Satiated","Male",24.01,0,2,0,0.693147180559945
"106","Chevroux","Satiated","Male",24.76,0,2,0,0.693147180559945
"107","Chevroux","Deprived","Male",25.31,17,2,8.5,0.693147180559945
"108","Chevroux","Satiated","Male",25.98,0,2,0,0.693147180559945
"109","Chevroux","Deprived","Male",26.05,5,2,2.5,0.693147180559945
"110","Chevroux","Deprived","Male",27.53,5,2,2.5,0.693147180559945
"111","Chevroux","Deprived","Male",28.31,7,2,3.5,0.693147180559945
"112","CorcellesFavres","Satiated","Male",22.76,2,3,0.66666667,1.09861228866811
"113","CorcellesFavres","Satiated","Male",24.11,9,3,3,1.09861228866811
"114","CorcellesFavres","Deprived","Female",25.15,7,3,2.33333333,1.09861228866811
"115","CorcellesFavres","Satiated","Female",25.38,2,3,0.66666667,1.09861228866811
"116","CorcellesFavres","Satiated","Male",25.63,4,3,1.33333333,1.09861228866811
"117","CorcellesFavres","Satiated","Male",26.03,9,3,3,1.09861228866811
"118","CorcellesFavres","Satiated","Male",26.3,5,3,1.66666667,1.09861228866811
"119","CorcellesFavres","Satiated","Male",26.73,6,3,2,1.09861228866811
"120","CorcellesFavres","Satiated","Male",28.43,3,3,1,1.09861228866811
"121","CorcellesFavres","Satiated","Male",28.86,7,3,2.33333333,1.09861228866811
"122","CorcellesFavres","Deprived","Female",28.98,5,3,1.66666667,1.09861228866811
"123","CorcellesFavres","Satiated","Male",29.11,20,3,6.66666667,1.09861228866811
"124","Etrabloz","Deprived","Male",22.01,4,5,0.8,1.6094379124341
"125","Etrabloz","Deprived","Female",22.15,4,5,0.8,1.6094379124341
"126","Etrabloz","Deprived","Male",22.26,14,5,2.8,1.6094379124341
"127","Etrabloz","Satiated","Female",22.46,0,5,0,1.6094379124341
"128","Etrabloz","Satiated","Female",22.51,0,5,0,1.6094379124341
"129","Etrabloz","Deprived","Female",22.7,9,5,1.8,1.6094379124341
"130","Etrabloz","Deprived","Male",22.85,14,5,2.8,1.6094379124341
"131","Etrabloz","Deprived","Male",23.13,6,5,1.2,1.6094379124341
"132","Etrabloz","Satiated","Male",23.3,2,5,0.4,1.6094379124341
"133","Etrabloz","Deprived","Male",23.31,8,5,1.6,1.6094379124341
"134","Etrabloz","Deprived","Female",23.7,2,5,0.4,1.6094379124341
"135","Etrabloz","Satiated","Male",23.73,0,5,0,1.6094379124341
"136","Etrabloz","Deprived","Male",23.76,5,5,1,1.6094379124341
"137","Etrabloz","Deprived","Female",23.81,5,5,1,1.6094379124341
"138","Etrabloz","Satiated","Male",24.05,0,5,0,1.6094379124341
"139","Etrabloz","Satiated","Female",24.38,0,5,0,1.6094379124341
"140","Etrabloz","Satiated","Female",24.43,0,5,0,1.6094379124341
"141","Etrabloz","Satiated","Female",24.58,0,5,0,1.6094379124341
"142","Etrabloz","Deprived","Female",24.65,0,5,0,1.6094379124341
"143","Etrabloz","Satiated","Female",25.05,0,5,0,1.6094379124341
"144","Etrabloz","Satiated","Female",25.61,0,5,0,1.6094379124341
"145","Etrabloz","Deprived","Female",25.61,1,5,0.2,1.6094379124341
"146","Etrabloz","Satiated","Male",26.28,0,5,0,1.6094379124341
"147","Etrabloz","Deprived","Female",26.33,5,5,1,1.6094379124341
"148","Etrabloz","Deprived","Female",26.48,5,5,1,1.6094379124341
"149","Etrabloz","Deprived","Female",26.85,1,5,0.2,1.6094379124341
"150","Etrabloz","Deprived","Female",27.5,10,5,2,1.6094379124341
"151","Etrabloz","Deprived","Male",27.55,8,5,1.6,1.6094379124341
"152","Etrabloz","Satiated","Female",28.26,2,5,0.4,1.6094379124341
"153","Etrabloz","Deprived","Male",28.35,10,5,2,1.6094379124341
"154","Etrabloz","Deprived","Male",28.7,2,5,0.4,1.6094379124341
"155","Etrabloz","Deprived","Male",28.81,13,5,2.6,1.6094379124341
"156","Etrabloz","Deprived","Male",28.9,13,5,2.6,1.6094379124341
"157","Etrabloz","Deprived","Male",29.25,13,5,2.6,1.6094379124341
"158","Forel","Satiated","Male",23.25,0,4,0,1.38629436111989
"159","Forel","Deprived","Male",23.92,1,4,0.25,1.38629436111989
"160","Forel","Satiated","Male",24.26,0,4,0,1.38629436111989
"161","Forel","Satiated","Male",24.3,0,4,0,1.38629436111989
"162","Franex","Satiated","Male",22.36,0,4,0,1.38629436111989
"163","Franex","Satiated","Male",22.45,0,4,0,1.38629436111989
"164","Franex","Deprived","Female",22.66,19,4,4.75,1.38629436111989
"165","Franex","Deprived","Male",22.68,19,4,4.75,1.38629436111989
"166","Franex","Deprived","Male",22.75,19,4,4.75,1.38629436111989
"167","Franex","Deprived","Female",22.76,8,4,2,1.38629436111989
"168","Franex","Deprived","Female",23.05,9,4,2.25,1.38629436111989
"169","Franex","Deprived","Male",23.48,1,4,0.25,1.38629436111989
"170","Franex","Deprived","Male",23.65,4,4,1,1.38629436111989
"171","Franex","Deprived","Male",23.8,3,4,0.75,1.38629436111989
"172","Franex","Deprived","Male",23.9,3,4,0.75,1.38629436111989
"173","Franex","Deprived","Male",24.05,6,4,1.5,1.38629436111989
"174","Franex","Deprived","Female",24.08,6,4,1.5,1.38629436111989
"175","Franex","Deprived","Male",24.25,6,4,1.5,1.38629436111989
"176","Franex","Satiated","Female",24.58,0,4,0,1.38629436111989
"177","Franex","Satiated","Female",24.68,0,4,0,1.38629436111989
"178","Franex","Satiated","Male",24.73,0,4,0,1.38629436111989
"179","Franex","Satiated","Male",25.11,3,4,0.75,1.38629436111989
"180","Franex","Deprived","Male",25.26,0,4,0,1.38629436111989
"181","Franex","Deprived","Male",26.36,4,4,1,1.38629436111989
"182","Franex","Deprived","Male",26.6,4,4,1,1.38629436111989
"183","Franex","Deprived","Male",26.71,4,4,1,1.38629436111989
"184","Franex","Deprived","Male",26.95,14,4,3.5,1.38629436111989
"185","Franex","Satiated","Male",27.1,5,4,1.25,1.38629436111989
"186","Franex","Deprived","Female",27.25,8,4,2,1.38629436111989
"187","Franex","Deprived","Male",27.38,16,4,4,1.38629436111989
"188","GDLV","Deprived","Male",22.46,6,5,1.2,1.6094379124341
"189","GDLV","Deprived","Female",22.83,9,5,1.8,1.6094379124341
"190","GDLV","Satiated","Male",22.91,1,5,0.2,1.6094379124341
"191","GDLV","Deprived","Male",23.08,11,5,2.2,1.6094379124341
"192","GDLV","Deprived","Male",23.75,11,5,2.2,1.6094379124341
"193","GDLV","Deprived","Male",23.91,12,5,2.4,1.6094379124341
"194","GDLV","Deprived","Male",25.26,12,5,2.4,1.6094379124341
"195","GDLV","Satiated","Male",25.56,2,5,0.4,1.6094379124341
"196","GDLV","Deprived","Female",26.85,9,5,1.8,1.6094379124341
"197","GDLV","Satiated","Male",28.78,0,5,0,1.6094379124341
"198","Gletterens","Deprived","Female",23.15,16,2,8,0.693147180559945
"199","Gletterens","Deprived","Female",23.25,16,2,8,0.693147180559945
"200","Gletterens","Satiated","Female",23.8,3,2,1.5,0.693147180559945
"201","Gletterens","Deprived","Female",24.05,0,2,0,0.693147180559945
"202","Gletterens","Deprived","Female",24.53,0,2,0,0.693147180559945
"203","Gletterens","Deprived","Male",24.55,0,2,0,0.693147180559945
"204","Gletterens","Satiated","Male",24.81,0,2,0,0.693147180559945
"205","Gletterens","Deprived","Female",24.85,5,2,2.5,0.693147180559945
"206","Gletterens","Satiated","Female",25.1,9,2,4.5,0.693147180559945
"207","Gletterens","Deprived","Female",25.8,10,2,5,0.693147180559945
"208","Gletterens","Deprived","Male",26.3,3,2,1.5,0.693147180559945
"209","Gletterens","Deprived","Male",27.23,0,2,0,0.693147180559945
"210","Gletterens","Satiated","Female",27.4,0,2,0,0.693147180559945
"211","Gletterens","Deprived","Male",27.61,0,2,0,0.693147180559945
"212","Gletterens","Deprived","Male",28.78,2,2,1,0.693147180559945
"213","Henniez","Deprived","Female",22.51,6,2,3,0.693147180559945
"214","Henniez","Deprived","Female",22.63,6,2,3,0.693147180559945
"215","Henniez","Satiated","Female",22.68,2,2,1,0.693147180559945
"216","Henniez","Satiated","Female",22.76,17,2,8.5,0.693147180559945
"217","Henniez","Deprived","Female",22.91,3,2,1.5,0.693147180559945
"218","Henniez","Satiated","Female",23.06,0,2,0,0.693147180559945
"219","Henniez","Satiated","Female",23.28,0,2,0,0.693147180559945
"220","Henniez","Deprived","Female",23.81,0,2,0,0.693147180559945
"221","Henniez","Satiated","Female",23.96,0,2,0,0.693147180559945
"222","Henniez","Deprived","Female",25.88,0,2,0,0.693147180559945
"223","Henniez","Deprived","Female",26.78,0,2,0,0.693147180559945
"224","Henniez","Deprived","Female",27.63,0,2,0,0.693147180559945
"225","Henniez","Satiated","Female",28.26,0,2,0,0.693147180559945
"226","Jeuss","Satiated","Male",22.66,3,5,0.6,1.6094379124341
"227","Jeuss","Deprived","Female",23.11,9,5,1.8,1.6094379124341
"228","Jeuss","Satiated","Male",23.16,0,5,0,1.6094379124341
"229","Jeuss","Satiated","Female",23.41,0,5,0,1.6094379124341
"230","Jeuss","Deprived","Male",25.58,12,5,2.4,1.6094379124341
"231","Jeuss","Satiated","Male",25.9,0,5,0,1.6094379124341
"232","Jeuss","Deprived","Male",25.93,2,5,0.4,1.6094379124341
"233","Jeuss","Deprived","Female",26.16,11,5,2.2,1.6094379124341
"234","Jeuss","Deprived","Male",26.33,5,5,1,1.6094379124341
"235","Jeuss","Deprived","Male",26.56,3,5,0.6,1.6094379124341
"236","Jeuss","Satiated","Female",26.6,0,5,0,1.6094379124341
"237","Jeuss","Deprived","Female",26.75,3,5,0.6,1.6094379124341
"238","Jeuss","Deprived","Male",26.83,3,5,0.6,1.6094379124341
"239","Jeuss","Satiated","Female",26.98,0,5,0,1.6094379124341
"240","Jeuss","Satiated","Male",27.48,0,5,0,1.6094379124341
"241","Jeuss","Deprived","Female",27.51,0,5,0,1.6094379124341
"242","Jeuss","Satiated","Female",28,0,5,0,1.6094379124341
"243","Jeuss","Satiated","Male",28.8,0,5,0,1.6094379124341
"244","Jeuss","Deprived","Male",28.98,2,5,0.4,1.6094379124341
"245","LesPlanches","Satiated","Male",21.78,0,3,0,1.09861228866811
"246","LesPlanches","Satiated","Male",21.81,0,3,0,1.09861228866811
"247","LesPlanches","Deprived","Male",22.3,3,3,1,1.09861228866811
"248","LesPlanches","Satiated","Male",22.31,0,3,0,1.09861228866811
"249","LesPlanches","Satiated","Male",22.51,10,3,3.33333333,1.09861228866811
"250","LesPlanches","Deprived","Male",22.63,10,3,3.33333333,1.09861228866811
"251","LesPlanches","Deprived","Male",23.06,10,3,3.33333333,1.09861228866811
"252","LesPlanches","Satiated","Male",23.38,0,3,0,1.09861228866811
"253","LesPlanches","Satiated","Male",23.41,0,3,0,1.09861228866811
"254","LesPlanches","Satiated","Male",23.68,11,3,3.66666667,1.09861228866811
"255","LesPlanches","Deprived","Male",24.03,0,3,0,1.09861228866811
"256","LesPlanches","Satiated","Male",24.43,0,3,0,1.09861228866811
"257","LesPlanches","Deprived","Male",26.55,0,3,0,1.09861228866811
"258","LesPlanches","Deprived","Female",26.76,0,3,0,1.09861228866811
"259","LesPlanches","Deprived","Male",27.45,0,3,0,1.09861228866811
"260","LesPlanches","Deprived","Male",27.6,11,3,3.66666667,1.09861228866811
"261","LesPlanches","Deprived","Male",28.26,6,3,2,1.09861228866811
"262","Lucens","Satiated","Male",22.36,9,4,2.25,1.38629436111989
"263","Lucens","Deprived","Female",22.38,23,4,5.75,1.38629436111989
"264","Lucens","Deprived","Male",22.68,15,4,3.75,1.38629436111989
"265","Lucens","Satiated","Male",22.76,2,4,0.5,1.38629436111989
"266","Lucens","Deprived","Male",22.81,12,4,3,1.38629436111989
"267","Lucens","Deprived","Male",22.9,12,4,3,1.38629436111989
"268","Lucens","Deprived","Male",22.98,12,4,3,1.38629436111989
"269","Lucens","Satiated","Female",23.03,0,4,0,1.38629436111989
"270","Lucens","Deprived","Female",23.38,0,4,0,1.38629436111989
"271","Lucens","Deprived","Female",23.45,0,4,0,1.38629436111989
"272","Lucens","Deprived","Female",23.51,14,4,3.5,1.38629436111989
"273","Lucens","Deprived","Male",23.56,14,4,3.5,1.38629436111989
"274","Lucens","Deprived","Female",23.6,14,4,3.5,1.38629436111989
"275","Lucens","Deprived","Male",24.25,2,4,0.5,1.38629436111989
"276","Lucens","Satiated","Male",25.05,13,4,3.25,1.38629436111989
"277","Lucens","Deprived","Female",25.1,0,4,0,1.38629436111989
"278","Lucens","Deprived","Female",25.36,1,4,0.25,1.38629436111989
"279","Lucens","Satiated","Male",26.2,0,4,0,1.38629436111989
"280","Lucens","Deprived","Male",26.5,4,4,1,1.38629436111989
"281","Lucens","Deprived","Female",26.61,8,4,2,1.38629436111989
"282","Lucens","Deprived","Male",26.81,1,4,0.25,1.38629436111989
"283","Lucens","Satiated","Male",26.85,0,4,0,1.38629436111989
"284","Lucens","Deprived","Male",27.08,4,4,1,1.38629436111989
"285","Lucens","Satiated","Female",27.16,0,4,0,1.38629436111989
"286","Lucens","Deprived","Female",27.53,5,4,1.25,1.38629436111989
"287","Lucens","Deprived","Female",28.03,8,4,2,1.38629436111989
"288","Lucens","Satiated","Female",28.13,9,4,2.25,1.38629436111989
"289","Lucens","Satiated","Male",28.26,7,4,1.75,1.38629436111989
"290","Lucens","Deprived","Male",28.4,7,4,1.75,1.38629436111989
"291","Lully","Deprived","Male",22.31,16,4,4,1.38629436111989
"292","Lully","Deprived","Female",22.51,13,4,3.25,1.38629436111989
"293","Lully","Deprived","Male",22.55,13,4,3.25,1.38629436111989
"294","Lully","Deprived","Male",22.98,15,4,3.75,1.38629436111989
"295","Lully","Deprived","Male",23.01,14,4,3.5,1.38629436111989
"296","Lully","Deprived","Male",23.15,14,4,3.5,1.38629436111989
"297","Lully","Satiated","Female",23.25,6,4,1.5,1.38629436111989
"298","Lully","Deprived","Female",23.63,15,4,3.75,1.38629436111989
"299","Lully","Deprived","Male",23.66,15,4,3.75,1.38629436111989
"300","Lully","Satiated","Male",23.7,6,4,1.5,1.38629436111989
"301","Lully","Deprived","Female",24.4,0,4,0,1.38629436111989
"302","Lully","Satiated","Male",24.85,1,4,0.25,1.38629436111989
"303","Lully","Deprived","Female",25.13,0,4,0,1.38629436111989
"304","Lully","Satiated","Male",26.78,9,4,2.25,1.38629436111989
"305","Lully","Satiated","Male",26.93,9,4,2.25,1.38629436111989
"306","Lully","Satiated","Male",27.31,3,4,0.75,1.38629436111989
"307","Lully","Deprived","Male",28.58,2,4,0.5,1.38629436111989
"308","Marnand","Deprived","Male",22.28,12,4,3,1.38629436111989
"309","Marnand","Satiated","Female",22.53,6,4,1.5,1.38629436111989
"310","Marnand","Satiated","Male",22.65,6,4,1.5,1.38629436111989
"311","Marnand","Deprived","Male",22.73,13,4,3.25,1.38629436111989
"312","Marnand","Deprived","Female",22.98,28,4,7,1.38629436111989
"313","Marnand","Satiated","Male",23.35,0,4,0,1.38629436111989
"314","Marnand","Deprived","Female",23.4,6,4,1.5,1.38629436111989
"315","Marnand","Deprived","Male",23.86,0,4,0,1.38629436111989
"316","Marnand","Satiated","Male",24.23,3,4,0.75,1.38629436111989
"317","Marnand","Satiated","Female",24.31,2,4,0.5,1.38629436111989
"318","Marnand","Deprived","Male",24.41,4,4,1,1.38629436111989
"319","Marnand","Deprived","Female",24.48,4,4,1,1.38629436111989
"320","Marnand","Satiated","Female",24.58,8,4,2,1.38629436111989
"321","Marnand","Satiated","Male",24.63,8,4,2,1.38629436111989
"322","Marnand","Deprived","Female",25.13,13,4,3.25,1.38629436111989
"323","Marnand","Deprived","Male",25.53,7,4,1.75,1.38629436111989
"324","Marnand","Deprived","Male",25.58,4,4,1,1.38629436111989
"325","Marnand","Satiated","Female",25.63,0,4,0,1.38629436111989
"326","Marnand","Satiated","Female",25.68,0,4,0,1.38629436111989
"327","Marnand","Satiated","Male",25.86,12,4,3,1.38629436111989
"328","Marnand","Deprived","Male",25.96,4,4,1,1.38629436111989
"329","Marnand","Deprived","Male",26.06,17,4,4.25,1.38629436111989
"330","Marnand","Satiated","Male",26.38,7,4,1.75,1.38629436111989
"331","Marnand","Deprived","Male",26.53,5,4,1.25,1.38629436111989
"332","Marnand","Satiated","Male",26.76,1,4,0.25,1.38629436111989
"333","Marnand","Deprived","Male",27.38,0,4,0,1.38629436111989
"334","Marnand","Deprived","Male",27.46,0,4,0,1.38629436111989
"335","Montet","Satiated","Male",22.7,6,5,1.2,1.6094379124341
"336","Montet","Deprived","Male",22.95,15,5,3,1.6094379124341
"337","Montet","Deprived","Male",23.11,17,5,3.4,1.6094379124341
"338","Montet","Deprived","Male",23.33,10,5,2,1.6094379124341
"339","Montet","Satiated","Female",23.55,2,5,0.4,1.6094379124341
"340","Montet","Deprived","Male",23.6,15,5,3,1.6094379124341
"341","Montet","Satiated","Male",23.63,2,5,0.4,1.6094379124341
"342","Montet","Deprived","Male",23.81,10,5,2,1.6094379124341
"343","Montet","Satiated","Male",24.05,0,5,0,1.6094379124341
"344","Montet","Deprived","Male",24.06,7,5,1.4,1.6094379124341
"345","Montet","Deprived","Male",24.08,7,5,1.4,1.6094379124341
"346","Montet","Deprived","Male",24.2,7,5,1.4,1.6094379124341
"347","Montet","Deprived","Male",24.3,15,5,3,1.6094379124341
"348","Montet","Satiated","Male",24.35,5,5,1,1.6094379124341
"349","Montet","Satiated","Male",24.43,5,5,1,1.6094379124341
"350","Montet","Deprived","Male",24.48,15,5,3,1.6094379124341
"351","Montet","Deprived","Male",24.61,19,5,3.8,1.6094379124341
"352","Montet","Satiated","Male",24.66,0,5,0,1.6094379124341
"353","Montet","Deprived","Male",24.7,19,5,3.8,1.6094379124341
"354","Montet","Satiated","Male",24.81,12,5,2.4,1.6094379124341
"355","Montet","Deprived","Male",24.85,10,5,2,1.6094379124341
"356","Montet","Satiated","Male",24.9,12,5,2.4,1.6094379124341
"357","Montet","Deprived","Male",24.96,10,5,2,1.6094379124341
"358","Montet","Deprived","Male",25.03,20,5,4,1.6094379124341
"359","Montet","Deprived","Male",25.1,20,5,4,1.6094379124341
"360","Montet","Satiated","Female",25.36,7,5,1.4,1.6094379124341
"361","Montet","Satiated","Male",25.38,7,5,1.4,1.6094379124341
"362","Montet","Satiated","Male",25.55,22,5,4.4,1.6094379124341
"363","Montet","Satiated","Male",25.73,22,5,4.4,1.6094379124341
"364","Montet","Deprived","Male",25.9,4,5,0.8,1.6094379124341
"365","Montet","Deprived","Female",26.55,14,5,2.8,1.6094379124341
"366","Montet","Deprived","Male",26.83,4,5,0.8,1.6094379124341
"367","Montet","Satiated","Female",26.91,0,5,0,1.6094379124341
"368","Montet","Satiated","Male",26.93,0,5,0,1.6094379124341
"369","Montet","Deprived","Male",27.23,2,5,0.4,1.6094379124341
"370","Montet","Deprived","Male",27.43,0,5,0,1.6094379124341
"371","Montet","Deprived","Male",27.56,12,5,2.4,1.6094379124341
"372","Montet","Deprived","Male",27.83,4,5,0.8,1.6094379124341
"373","Montet","Satiated","Female",28.3,2,5,0.4,1.6094379124341
"374","Montet","Satiated","Male",28.38,2,5,0.4,1.6094379124341
"375","Montet","Satiated","Female",28.86,1,5,0.2,1.6094379124341
"376","Murist","Deprived","Female",22.23,3,4,0.75,1.38629436111989
"377","Murist","Satiated","Female",22.26,24,4,6,1.38629436111989
"378","Murist","Deprived","Male",22.5,24,4,6,1.38629436111989
"379","Murist","Deprived","Male",22.51,14,4,3.5,1.38629436111989
"380","Murist","Deprived","Male",22.58,14,4,3.5,1.38629436111989
"381","Murist","Satiated","Male",22.6,14,4,3.5,1.38629436111989
"382","Murist","Deprived","Male",22.61,14,4,3.5,1.38629436111989
"383","Murist","Deprived","Female",22.63,14,4,3.5,1.38629436111989
"384","Murist","Deprived","Male",22.66,14,4,3.5,1.38629436111989
"385","Murist","Satiated","Male",22.78,14,4,3.5,1.38629436111989
"386","Murist","Satiated","Male",22.86,14,4,3.5,1.38629436111989
"387","Murist","Satiated","Female",22.93,14,4,3.5,1.38629436111989
"388","Murist","Deprived","Male",23.1,0,4,0,1.38629436111989
"389","Murist","Satiated","Male",23.4,0,4,0,1.38629436111989
"390","Murist","Deprived","Female",23.78,0,4,0,1.38629436111989
"391","Murist","Deprived","Female",23.8,0,4,0,1.38629436111989
"392","Murist","Satiated","Male",25.7,3,4,0.75,1.38629436111989
"393","Murist","Satiated","Male",25.83,0,4,0,1.38629436111989
"394","Murist","Deprived","Male",26.23,6,4,1.5,1.38629436111989
"395","Murist","Satiated","Male",26.41,17,4,4.25,1.38629436111989
"396","Murist","Deprived","Male",27.25,5,4,1.25,1.38629436111989
"397","Murist","Satiated","Male",27.53,0,4,0,1.38629436111989
"398","Murist","Satiated","Male",27.73,0,4,0,1.38629436111989
"399","Murist","Deprived","Male",27.96,3,4,0.75,1.38629436111989
"400","Oleyes","Satiated","Female",21.76,11,5,2.2,1.6094379124341
"401","Oleyes","Satiated","Female",22.13,17,5,3.4,1.6094379124341
"402","Oleyes","Satiated","Female",22.28,17,5,3.4,1.6094379124341
"403","Oleyes","Deprived","Female",22.38,2,5,0.4,1.6094379124341
"404","Oleyes","Satiated","Male",22.4,12,5,2.4,1.6094379124341
"405","Oleyes","Satiated","Female",22.61,12,5,2.4,1.6094379124341
"406","Oleyes","Satiated","Male",22.73,13,5,2.6,1.6094379124341
"407","Oleyes","Satiated","Female",22.85,10,5,2,1.6094379124341
"408","Oleyes","Deprived","Female",22.96,16,5,3.2,1.6094379124341
"409","Oleyes","Satiated","Male",23.08,15,5,3,1.6094379124341
"410","Oleyes","Deprived","Male",23.1,12,5,2.4,1.6094379124341
"411","Oleyes","Deprived","Male",23.43,11,5,2.2,1.6094379124341
"412","Oleyes","Satiated","Male",23.65,0,5,0,1.6094379124341
"413","Oleyes","Satiated","Female",23.65,0,5,0,1.6094379124341
"414","Oleyes","Deprived","Male",23.7,7,5,1.4,1.6094379124341
"415","Oleyes","Deprived","Female",23.83,6,5,1.2,1.6094379124341
"416","Oleyes","Deprived","Male",23.96,6,5,1.2,1.6094379124341
"417","Oleyes","Satiated","Male",24.11,0,5,0,1.6094379124341
"418","Oleyes","Satiated","Female",24.13,0,5,0,1.6094379124341
"419","Oleyes","Deprived","Male",24.2,5,5,1,1.6094379124341
"420","Oleyes","Deprived","Male",24.41,5,5,1,1.6094379124341
"421","Oleyes","Deprived","Male",24.56,7,5,1.4,1.6094379124341
"422","Oleyes","Satiated","Female",24.73,2,5,0.4,1.6094379124341
"423","Oleyes","Satiated","Male",24.9,32,5,6.4,1.6094379124341
"424","Oleyes","Deprived","Male",24.93,6,5,1.2,1.6094379124341
"425","Oleyes","Satiated","Male",25.08,32,5,6.4,1.6094379124341
"426","Oleyes","Satiated","Female",25.16,5,5,1,1.6094379124341
"427","Oleyes","Deprived","Female",25.2,7,5,1.4,1.6094379124341
"428","Oleyes","Deprived","Male",25.2,7,5,1.4,1.6094379124341
"429","Oleyes","Satiated","Male",25.45,5,5,1,1.6094379124341
"430","Oleyes","Satiated","Female",25.51,0,5,0,1.6094379124341
"431","Oleyes","Deprived","Male",25.68,3,5,0.6,1.6094379124341
"432","Oleyes","Satiated","Male",25.76,7,5,1.4,1.6094379124341
"433","Oleyes","Deprived","Female",25.8,14,5,2.8,1.6094379124341
"434","Oleyes","Satiated","Female",26,6,5,1.2,1.6094379124341
"435","Oleyes","Satiated","Male",26,6,5,1.2,1.6094379124341
"436","Oleyes","Deprived","Male",26,14,5,2.8,1.6094379124341
"437","Oleyes","Deprived","Male",26.03,0,5,0,1.6094379124341
"438","Oleyes","Satiated","Female",26.1,0,5,0,1.6094379124341
"439","Oleyes","Satiated","Male",26.28,13,5,2.6,1.6094379124341
"440","Oleyes","Satiated","Female",26.4,13,5,2.6,1.6094379124341
"441","Oleyes","Satiated","Male",26.55,0,5,0,1.6094379124341
"442","Oleyes","Deprived","Female",26.63,4,5,0.8,1.6094379124341
"443","Oleyes","Deprived","Male",26.75,4,5,0.8,1.6094379124341
"444","Oleyes","Satiated","Male",26.8,0,5,0,1.6094379124341
"445","Oleyes","Satiated","Male",26.98,0,5,0,1.6094379124341
"446","Oleyes","Deprived","Male",27.13,10,5,2,1.6094379124341
"447","Oleyes","Deprived","Female",27.31,10,5,2,1.6094379124341
"448","Oleyes","Deprived","Female",27.83,6,5,1.2,1.6094379124341
"449","Oleyes","Deprived","Male",28.03,2,5,0.4,1.6094379124341
"450","Oleyes","Satiated","Female",28.25,0,5,0,1.6094379124341
"451","Oleyes","Deprived","Female",28.86,0,5,0,1.6094379124341
"452","Payerne","Satiated","Male",22.08,6,5,1.2,1.6094379124341
"453","Payerne","Satiated","Female",22.15,6,5,1.2,1.6094379124341
"454","Payerne","Satiated","Female",22.61,8,5,1.6,1.6094379124341
"455","Payerne","Satiated","Male",22.63,8,5,1.6,1.6094379124341
"456","Payerne","Satiated","Female",22.71,8,5,1.6,1.6094379124341
"457","Payerne","Deprived","Male",22.78,8,5,1.6,1.6094379124341
"458","Payerne","Satiated","Male",22.88,7,5,1.4,1.6094379124341
"459","Payerne","Deprived","Female",23.01,15,5,3,1.6094379124341
"460","Payerne","Satiated","Male",23.03,8,5,1.6,1.6094379124341
"461","Payerne","Satiated","Female",23.1,8,5,1.6,1.6094379124341
"462","Payerne","Satiated","Female",23.35,0,5,0,1.6094379124341
"463","Payerne","Satiated","Male",23.43,0,5,0,1.6094379124341
"464","Payerne","Satiated","Male",23.68,1,5,0.2,1.6094379124341
"465","Payerne","Satiated","Male",24.1,8,5,1.6,1.6094379124341
"466","Payerne","Satiated","Male",24.35,5,5,1,1.6094379124341
"467","Payerne","Satiated","Male",24.48,5,5,1,1.6094379124341
"468","Payerne","Satiated","Male",25,7,5,1.4,1.6094379124341
"469","Payerne","Deprived","Male",25.05,10,5,2,1.6094379124341
"470","Payerne","Deprived","Male",25.26,14,5,2.8,1.6094379124341
"471","Payerne","Satiated","Female",25.35,0,5,0,1.6094379124341
"472","Payerne","Deprived","Female",25.36,14,5,2.8,1.6094379124341
"473","Payerne","Satiated","Male",25.51,0,5,0,1.6094379124341
"474","Payerne","Satiated","Male",25.85,0,5,0,1.6094379124341
"475","Payerne","Satiated","Male",26.31,0,5,0,1.6094379124341
"476","Payerne","Satiated","Male",27.53,0,5,0,1.6094379124341
"477","Rueyes","Deprived","Female",22.01,6,4,1.5,1.38629436111989
"478","Rueyes","Satiated","Female",22.06,0,4,0,1.38629436111989
"479","Rueyes","Deprived","Male",22.26,10,4,2.5,1.38629436111989
"480","Rueyes","Satiated","Male",22.35,18,4,4.5,1.38629436111989
"481","Rueyes","Satiated","Male",22.38,18,4,4.5,1.38629436111989
"482","Rueyes","Satiated","Male",22.48,18,4,4.5,1.38629436111989
"483","Rueyes","Satiated","Male",22.5,18,4,4.5,1.38629436111989
"484","Rueyes","Satiated","Male",22.58,11,4,2.75,1.38629436111989
"485","Rueyes","Deprived","Male",22.7,7,4,1.75,1.38629436111989
"486","Rueyes","Satiated","Male",22.95,11,4,2.75,1.38629436111989
"487","Rueyes","Satiated","Male",23.78,9,4,2.25,1.38629436111989
"488","Rueyes","Deprived","Male",24.05,6,4,1.5,1.38629436111989
"489","Rueyes","Deprived","Male",24.31,6,4,1.5,1.38629436111989
"490","Rueyes","Satiated","Female",25.06,0,4,0,1.38629436111989
"491","Rueyes","Satiated","Male",25.33,0,4,0,1.38629436111989
"492","Rueyes","Deprived","Male",25.35,1,4,0.25,1.38629436111989
"493","Rueyes","Deprived","Female",28.2,7,4,1.75,1.38629436111989
"494","Seiry","Satiated","Female",22.13,1,6,0.16666667,1.79175946922805
"495","Seiry","Deprived","Female",22.43,16,6,2.66666667,1.79175946922805
"496","Seiry","Deprived","Male",22.46,16,6,2.66666667,1.79175946922805
"497","Seiry","Satiated","Female",22.83,2,6,0.33333333,1.79175946922805
"498","Seiry","Satiated","Male",22.85,2,6,0.33333333,1.79175946922805
"499","Seiry","Satiated","Female",23.03,26,6,4.33333333,1.79175946922805
"500","Seiry","Satiated","Male",23.35,1,6,0.16666667,1.79175946922805
"501","Seiry","Satiated","Male",23.55,8,6,1.33333333,1.79175946922805
"502","Seiry","Satiated","Female",23.6,8,6,1.33333333,1.79175946922805
"503","Seiry","Deprived","Male",23.81,13,6,2.16666667,1.79175946922805
"504","Seiry","Satiated","Male",24.01,2,6,0.33333333,1.79175946922805
"505","Seiry","Deprived","Female",24.23,15,6,2.5,1.79175946922805
"506","Seiry","Deprived","Male",24.43,8,6,1.33333333,1.79175946922805
"507","Seiry","Satiated","Female",24.45,0,6,0,1.79175946922805
"508","Seiry","Satiated","Male",24.55,10,6,1.66666667,1.79175946922805
"509","Seiry","Deprived","Male",24.93,6,6,1,1.79175946922805
"510","Seiry","Satiated","Male",24.95,7,6,1.16666667,1.79175946922805
"511","Seiry","Satiated","Male",25.8,2,6,0.33333333,1.79175946922805
"512","Seiry","Satiated","Male",26,2,6,0.33333333,1.79175946922805
"513","Seiry","Deprived","Male",26.01,17,6,2.83333333,1.79175946922805
"514","Seiry","Satiated","Male",26.16,11,6,1.83333333,1.79175946922805
"515","Seiry","Deprived","Male",26.33,13,6,2.16666667,1.79175946922805
"516","Seiry","Deprived","Female",27.1,4,6,0.66666667,1.79175946922805
"517","Seiry","Satiated","Male",27.11,0,6,0,1.79175946922805
"518","Seiry","Satiated","Female",27.4,6,6,1,1.79175946922805
"519","Seiry","Satiated","Female",27.63,26,6,4.33333333,1.79175946922805
"520","Sevaz","Deprived","Male",22.86,6,1,6,0
"521","Sevaz","Satiated","Female",23.85,3,1,3,0
"522","Sevaz","Satiated","Male",26,6,1,6,0
"523","Sevaz","Satiated","Male",27.96,1,1,1,0
"524","StAubin","Satiated","Female",22.51,2,4,0.5,1.38629436111989
"525","StAubin","Satiated","Male",22.51,2,4,0.5,1.38629436111989
"526","StAubin","Deprived","Female",22.55,12,4,3,1.38629436111989
"527","StAubin","Satiated","Female",23.03,0,4,0,1.38629436111989
"528","StAubin","Deprived","Female",23.03,1,4,0.25,1.38629436111989
"529","StAubin","Deprived","Male",23.3,2,4,0.5,1.38629436111989
"530","StAubin","Satiated","Female",23.35,6,4,1.5,1.38629436111989
"531","StAubin","Satiated","Female",23.61,1,4,0.25,1.38629436111989
"532","StAubin","Deprived","Female",23.66,9,4,2.25,1.38629436111989
"533","StAubin","Deprived","Female",23.85,8,4,2,1.38629436111989
"534","StAubin","Deprived","Female",24.06,6,4,1.5,1.38629436111989
"535","StAubin","Satiated","Female",24.38,0,4,0,1.38629436111989
"536","StAubin","Deprived","Female",24.38,0,4,0,1.38629436111989
"537","StAubin","Deprived","Female",25.11,4,4,1,1.38629436111989
"538","StAubin","Satiated","Female",25.3,0,4,0,1.38629436111989
"539","StAubin","Deprived","Female",25.36,3,4,0.75,1.38629436111989
"540","StAubin","Satiated","Female",26.16,5,4,1.25,1.38629436111989
"541","StAubin","Satiated","Female",26.83,0,4,0,1.38629436111989
"542","StAubin","Deprived","Male",27.25,0,4,0,1.38629436111989
"543","StAubin","Deprived","Female",27.43,1,4,0.25,1.38629436111989
"544","StAubin","Satiated","Female",27.43,9,4,2.25,1.38629436111989
"545","StAubin","Deprived","Female",27.71,12,4,3,1.38629436111989
"546","StAubin","Deprived","Female",27.91,8,4,2,1.38629436111989
"547","Trey","Deprived","Female",22.05,16,5,3.2,1.6094379124341
"548","Trey","Satiated","Female",22.43,1,5,0.2,1.6094379124341
"549","Trey","Satiated","Male",22.73,12,5,2.4,1.6094379124341
"550","Trey","Satiated","Female",22.9,25,5,5,1.6094379124341
"551","Trey","Satiated","Male",23.2,16,5,3.2,1.6094379124341
"552","Trey","Satiated","Female",23.45,20,5,4,1.6094379124341
"553","Trey","Satiated","Male",23.73,23,5,4.6,1.6094379124341
"554","Trey","Satiated","Female",24.15,2,5,0.4,1.6094379124341
"555","Trey","Satiated","Female",24.36,11,5,2.2,1.6094379124341
"556","Trey","Satiated","Female",24.5,11,5,2.2,1.6094379124341
"557","Trey","Satiated","Male",24.6,3,5,0.6,1.6094379124341
"558","Trey","Satiated","Male",24.93,18,5,3.6,1.6094379124341
"559","Trey","Satiated","Female",25.28,5,5,1,1.6094379124341
"560","Trey","Satiated","Female",25.8,1,5,0.2,1.6094379124341
"561","Trey","Satiated","Male",25.86,1,5,0.2,1.6094379124341
"562","Trey","Satiated","Female",26.1,8,5,1.6,1.6094379124341
"563","Trey","Satiated","Male",27.66,0,5,0,1.6094379124341
"564","Trey","Satiated","Female",27.76,11,5,2.2,1.6094379124341
"565","Trey","Satiated","Female",27.93,11,5,2.2,1.6094379124341
"566","Yvonnand","Satiated","Female",21.71,10,7,1.42857143,1.94591014905531
"567","Yvonnand","Satiated","Female",21.73,10,7,1.42857143,1.94591014905531
"568","Yvonnand","Satiated","Female",21.91,17,7,2.42857143,1.94591014905531
"569","Yvonnand","Satiated","Male",21.93,17,7,2.42857143,1.94591014905531
"570","Yvonnand","Satiated","Female",21.95,17,7,2.42857143,1.94591014905531
"571","Yvonnand","Deprived","Male",21.96,6,7,0.85714286,1.94591014905531
"572","Yvonnand","Deprived","Female",22.18,19,7,2.71428571,1.94591014905531
"573","Yvonnand","Satiated","Male",22.28,4,7,0.57142857,1.94591014905531
"574","Yvonnand","Deprived","Male",22.3,31,7,4.42857143,1.94591014905531
"575","Yvonnand","Deprived","Male",22.5,31,7,4.42857143,1.94591014905531
"576","Yvonnand","Satiated","Male",22.56,10,7,1.42857143,1.94591014905531
"577","Yvonnand","Deprived","Female",22.6,23,7,3.28571429,1.94591014905531
"578","Yvonnand","Deprived","Male",22.6,23,7,3.28571429,1.94591014905531
"579","Yvonnand","Deprived","Male",22.9,15,7,2.14285714,1.94591014905531
"580","Yvonnand","Satiated","Male",23.25,0,7,0,1.94591014905531
"581","Yvonnand","Satiated","Female",23.46,6,7,0.85714286,1.94591014905531
"582","Yvonnand","Satiated","Female",23.53,1,7,0.14285714,1.94591014905531
"583","Yvonnand","Satiated","Female",23.63,1,7,0.14285714,1.94591014905531
"584","Yvonnand","Deprived","Male",24,9,7,1.28571429,1.94591014905531
"585","Yvonnand","Deprived","Male",24.31,6,7,0.85714286,1.94591014905531
"586","Yvonnand","Deprived","Male",24.56,8,7,1.14285714,1.94591014905531
"587","Yvonnand","Deprived","Male",24.73,10,7,1.42857143,1.94591014905531
"588","Yvonnand","Satiated","Male",25.25,4,7,0.57142857,1.94591014905531
"589","Yvonnand","Satiated","Female",25.41,11,7,1.57142857,1.94591014905531
"590","Yvonnand","Satiated","Female",25.56,9,7,1.28571429,1.94591014905531
"591","Yvonnand","Satiated","Female",25.76,14,7,2,1.94591014905531
"592","Yvonnand","Deprived","Male",26.15,13,7,1.85714286,1.94591014905531
"593","Yvonnand","Deprived","Male",26.76,22,7,3.14285714,1.94591014905531
"594","Yvonnand","Deprived","Male",27.23,7,7,1,1.94591014905531
"595","Yvonnand","Deprived","Female",27.25,7,7,1,1.94591014905531
"596","Yvonnand","Deprived","Male",28.45,5,7,0.71428571,1.94591014905531
"597","Yvonnand","Deprived","Female",28.86,15,7,2.14285714,1.94591014905531
"598","Yvonnand","Deprived","Male",29.21,10,7,1.42857143,1.94591014905531
"599","Yvonnand","Satiated","Female",29.23,0,7,0,1.94591014905531
